consumer,resource
Notiophilus_rufipes_(juv),Acrotona_sylvicola
Acrotona_sylvicola,Acrotona_sylvicola
Geostiba_circellaris,Acrotona_sylvicola
Othius_sp._(juv)_{m},Acrotona_sylvicola
Staphylinidae_sp._(juv)_{s},Acrotona_sylvicola
Tapinocyba_insecta,Acrotona_sylvicola
Cryptops_hortensis,Acrotona_sylvicola
Athous_subfuscus_(juv)_{l},Acrotona_sylvicola
Campodea_sp._{l},Acrotona_sylvicola
Staphylinidae_spec,Acrotona_sylvicola
Theridiidae_sp._(juv),Acrotona_sylvicola
Araneidae_sp._(juv),Acrotona_sylvicola
Lycosidae_sp._(juv),Acrotona_sylvicola
Staphylinidae_sp._(juv)_{s},Agriotes_aterrimus_(juv)
Cryptops_hortensis,Agriotes_aterrimus_(juv)
Athous_subfuscus_(juv)_{l},Agriotes_aterrimus_(juv)
Staphylinidae_spec,Agriotes_aterrimus_(juv)
Theridiidae_sp._(juv),Agriotes_aterrimus_(juv)
Lycosidae_sp._(juv),Agriotes_aterrimus_(juv)
Notiophilus_rufipes_(juv),Agriotes_sp._(juv)
Othius_sp._(juv)_{m},Agriotes_sp._(juv)
Staphylinidae_sp._(juv)_{s},Agriotes_sp._(juv)
Cryptops_hortensis,Agriotes_sp._(juv)
Athous_subfuscus_(juv)_{l},Agriotes_sp._(juv)
Campodea_sp._{l},Agriotes_sp._(juv)
Staphylinidae_spec,Agriotes_sp._(juv)
Theridiidae_sp._(juv),Agriotes_sp._(juv)
Lycosidae_sp._(juv),Agriotes_sp._(juv)
Notiophilus_rufipes_(juv),Agriotinae_sp1_(juv)
Acrotona_sylvicola,Agriotinae_sp1_(juv)
Atheta_fungi,Agriotinae_sp1_(juv)
Atheta_sp.,Agriotinae_sp1_(juv)
Geostiba_circellaris,Agriotinae_sp1_(juv)
Othius_sp._(juv)_{m},Agriotinae_sp1_(juv)
Staphylinidae_sp._(juv)_{s},Agriotinae_sp1_(juv)
Linyphiidae_(juv),Agriotinae_sp1_(juv)
Tapinocyba_insecta,Agriotinae_sp1_(juv)
Cryptops_hortensis,Agriotinae_sp1_(juv)
Leptacinus_sp._(juv),Agriotinae_sp1_(juv)
Athous_subfuscus_(juv)_{l},Agriotinae_sp1_(juv)
Campodea_sp._{l},Agriotinae_sp1_(juv)
Staphylinidae_spec,Agriotinae_sp1_(juv)
Theridiidae_sp._(juv),Agriotinae_sp1_(juv)
Araneidae_sp._(juv),Agriotinae_sp1_(juv)
Lycosidae_sp._(juv),Agriotinae_sp1_(juv)
Isotomiella_minor,amoebae
Megalothorax_minimus,amoebae
Parisotoma_notabilis,amoebae
Ballistura_cf._hankoi,amoebae
Ceratophysella_succinea,amoebae
predacious_nematodes,amoebae
omnivorous_nematodes,amoebae
Enchytraeidae,amoebae
Lumbricus_rubellus_{xxl},amoebae
Lumbricus_rubellus_(juv)_{xxl},amoebae
Notiophilus_rufipes_(juv),Araneidae_sp._(juv)
Othius_sp._(juv)_{m},Araneidae_sp._(juv)
Staphylinidae_sp._(juv)_{s},Araneidae_sp._(juv)
Cryptops_hortensis,Araneidae_sp._(juv)
Athous_subfuscus_(juv)_{l},Araneidae_sp._(juv)
Campodea_sp._{l},Araneidae_sp._(juv)
Staphylinidae_spec,Araneidae_sp._(juv)
Theridiidae_sp._(juv),Araneidae_sp._(juv)
Lycosidae_sp._(juv),Araneidae_sp._(juv)
Notiophilus_rufipes_(juv),Atheta_fungi
Acrotona_sylvicola,Atheta_fungi
Atheta_fungi,Atheta_fungi
Atheta_sp.,Atheta_fungi
Geostiba_circellaris,Atheta_fungi
Othius_sp._(juv)_{m},Atheta_fungi
Staphylinidae_sp._(juv)_{s},Atheta_fungi
Tapinocyba_insecta,Atheta_fungi
Cryptops_hortensis,Atheta_fungi
Athous_subfuscus_(juv)_{l},Atheta_fungi
Campodea_sp._{l},Atheta_fungi
Staphylinidae_spec,Atheta_fungi
Theridiidae_sp._(juv),Atheta_fungi
Araneidae_sp._(juv),Atheta_fungi
Lycosidae_sp._(juv),Atheta_fungi
Notiophilus_rufipes_(juv),Atheta_sp.
Acrotona_sylvicola,Atheta_sp.
Atheta_sp.,Atheta_sp.
Geostiba_circellaris,Atheta_sp.
Othius_sp._(juv)_{m},Atheta_sp.
Staphylinidae_sp._(juv)_{s},Atheta_sp.
Tapinocyba_insecta,Atheta_sp.
Cryptops_hortensis,Atheta_sp.
Athous_subfuscus_(juv)_{l},Atheta_sp.
Campodea_sp._{l},Atheta_sp.
Staphylinidae_spec,Atheta_sp.
Theridiidae_sp._(juv),Atheta_sp.
Araneidae_sp._(juv),Atheta_sp.
Lycosidae_sp._(juv),Atheta_sp.
Notiophilus_rufipes_(juv),Atheta_sp._(juv)
Acrotona_sylvicola,Atheta_sp._(juv)
Atheta_fungi,Atheta_sp._(juv)
Atheta_sp.,Atheta_sp._(juv)
Atheta_sp._(juv),Atheta_sp._(juv)
Geostiba_circellaris,Atheta_sp._(juv)
Othius_sp._(juv)_{m},Atheta_sp._(juv)
Staphylinidae_sp._(juv)_{s},Atheta_sp._(juv)
Linyphiidae_(juv),Atheta_sp._(juv)
Tapinocyba_insecta,Atheta_sp._(juv)
Pergamasus_norvegicus,Atheta_sp._(juv)
Platybunus_sp.,Atheta_sp._(juv)
Cryptops_hortensis,Atheta_sp._(juv)
Leptacinus_sp._(juv),Atheta_sp._(juv)
Athous_subfuscus_(juv)_{l},Atheta_sp._(juv)
Campodea_sp._{l},Atheta_sp._(juv)
Linyphiidae_cf_Erigoniinae_(juv)_{m},Atheta_sp._(juv)
Staphylinidae_spec,Atheta_sp._(juv)
Theridiidae_sp._(juv),Atheta_sp._(juv)
Araneidae_sp._(juv),Atheta_sp._(juv)
Lycosidae_sp._(juv),Atheta_sp._(juv)
Notiophilus_rufipes_(juv),Athous_sp._(juv)
Geostiba_circellaris,Athous_sp._(juv)
Othius_sp._(juv)_{m},Athous_sp._(juv)
Staphylinidae_sp._(juv)_{s},Athous_sp._(juv)
Tapinocyba_insecta,Athous_sp._(juv)
Cryptops_hortensis,Athous_sp._(juv)
Athous_subfuscus_(juv)_{l},Athous_sp._(juv)
Campodea_sp._{l},Athous_sp._(juv)
Staphylinidae_spec,Athous_sp._(juv)
Theridiidae_sp._(juv),Athous_sp._(juv)
Araneidae_sp._(juv),Athous_sp._(juv)
Lycosidae_sp._(juv),Athous_sp._(juv)
Staphylinidae_sp._(juv)_{s},Athous_subfuscus_(juv)_{l}
Cryptops_hortensis,Athous_subfuscus_(juv)_{l}
Athous_subfuscus_(juv)_{l},Athous_subfuscus_(juv)_{l}
Lycosidae_sp._(juv),Athous_subfuscus_(juv)_{l}
Mesaphorura_sp.,bacterivorous_nematodes
Micranurida_pygmaea,bacterivorous_nematodes
Atheta_sp._(juv),bacterivorous_nematodes
Othius_sp._(juv)_{m},bacterivorous_nematodes
Staphylinidae_sp._(juv)_{s},bacterivorous_nematodes
Lysigamasus_cf_conus,bacterivorous_nematodes
Lysigamasus_vagabundus,bacterivorous_nematodes
Trachytes_aegrota,bacterivorous_nematodes
Trachytes_aegrota_(juv)_{xs},bacterivorous_nematodes
Uropoda_minima,bacterivorous_nematodes
Uropoda_minima_(juv),bacterivorous_nematodes
Veigaia_nemorensis,bacterivorous_nematodes
Veigaia_nemorensis_(juv),bacterivorous_nematodes
Zercon_cf_gurensis,bacterivorous_nematodes
Zercon_sp._(juv),bacterivorous_nematodes
Oribatida_sp._(juv),bacterivorous_nematodes
Microppia_minus,bacterivorous_nematodes
Nothrus_silvestris,bacterivorous_nematodes
Oppiella_nova,bacterivorous_nematodes
predacious_nematodes,bacterivorous_nematodes
omnivorous_nematodes,bacterivorous_nematodes
Lysigamasus_sp.,bacterivorous_nematodes
Pergamasus_norvegicus,bacterivorous_nematodes
Vulgarogamasus_kraepelini,bacterivorous_nematodes
Leptacinus_sp._(juv),bacterivorous_nematodes
Suctobelbella_sp.,bacterivorous_nematodes
Mesaphorura_macrochaeta,bacterivorous_nematodes
Neanura_muscorum,bacterivorous_nematodes
Athous_subfuscus_(juv)_{l},bacterivorous_nematodes
Pergamasinae_(juv)_{s},bacterivorous_nematodes
Pergamasus_sp._(juv)_{m},bacterivorous_nematodes
Lysigamasus_cf_conus,Ballistura_cf._hankoi
Lysigamasus_vagabundus,Ballistura_cf._hankoi
Veigaia_nemorensis,Ballistura_cf._hankoi
Veigaia_nemorensis_(juv),Ballistura_cf._hankoi
Zercon_cf_gurensis,Ballistura_cf._hankoi
Zercon_sp._(juv),Ballistura_cf._hankoi
Lysigamasus_sp.,Ballistura_cf._hankoi
Pergamasinae_(juv)_{s},Ballistura_cf._hankoi
Notiophilus_rufipes_(juv),Campodea_sp._{l}
Othius_sp._(juv)_{m},Campodea_sp._{l}
Staphylinidae_sp._(juv)_{s},Campodea_sp._{l}
Cryptops_hortensis,Campodea_sp._{l}
Athous_subfuscus_(juv)_{l},Campodea_sp._{l}
Campodea_sp._{l},Campodea_sp._{l}
Staphylinidae_spec,Campodea_sp._{l}
Theridiidae_sp._(juv),Campodea_sp._{l}
Lycosidae_sp._(juv),Campodea_sp._{l}
Atheta_sp._(juv),Ceratophysella_succinea
Lysigamasus_cf_conus,Ceratophysella_succinea
Lysigamasus_vagabundus,Ceratophysella_succinea
Veigaia_nemorensis,Ceratophysella_succinea
Veigaia_nemorensis_(juv),Ceratophysella_succinea
Zercon_cf_gurensis,Ceratophysella_succinea
Zercon_sp._(juv),Ceratophysella_succinea
Lysigamasus_sp.,Ceratophysella_succinea
Pergamasus_norvegicus,Ceratophysella_succinea
Vulgarogamasus_kraepelini,Ceratophysella_succinea
Platybunus_sp.,Ceratophysella_succinea
Pergamasinae_(juv)_{s},Ceratophysella_succinea
Pergamasus_sp._(juv)_{m},Ceratophysella_succinea
Linyphiidae_cf_Erigoniinae_(juv)_{m},Ceratophysella_succinea
Isotomiella_minor,ciliates
Megalothorax_minimus,ciliates
Parisotoma_notabilis,ciliates
Ballistura_cf._hankoi,ciliates
Ceratophysella_succinea,ciliates
predacious_nematodes,ciliates
omnivorous_nematodes,ciliates
Enchytraeidae,ciliates
Lumbricus_rubellus_{xxl},ciliates
Lumbricus_rubellus_(juv)_{xxl},ciliates
Staphylinidae_sp._(juv)_{s},Cryptops_hortensis
Cryptops_hortensis,Cryptops_hortensis
Lycosidae_sp._(juv),Cryptops_hortensis
Notiophilus_rufipes_(juv),Dalopius_marginatus_(juv)_{m}
Acrotona_sylvicola,Dalopius_marginatus_(juv)_{m}
Atheta_fungi,Dalopius_marginatus_(juv)_{m}
Atheta_sp.,Dalopius_marginatus_(juv)_{m}
Geostiba_circellaris,Dalopius_marginatus_(juv)_{m}
Othius_sp._(juv)_{m},Dalopius_marginatus_(juv)_{m}
Staphylinidae_sp._(juv)_{s},Dalopius_marginatus_(juv)_{m}
Linyphiidae_(juv),Dalopius_marginatus_(juv)_{m}
Tapinocyba_insecta,Dalopius_marginatus_(juv)_{m}
Pergamasus_norvegicus,Dalopius_marginatus_(juv)_{m}
Platybunus_sp.,Dalopius_marginatus_(juv)_{m}
Cryptops_hortensis,Dalopius_marginatus_(juv)_{m}
Leptacinus_sp._(juv),Dalopius_marginatus_(juv)_{m}
Athous_subfuscus_(juv)_{l},Dalopius_marginatus_(juv)_{m}
Campodea_sp._{l},Dalopius_marginatus_(juv)_{m}
Linyphiidae_cf_Erigoniinae_(juv)_{m},Dalopius_marginatus_(juv)_{m}
Staphylinidae_spec,Dalopius_marginatus_(juv)_{m}
Theridiidae_sp._(juv),Dalopius_marginatus_(juv)_{m}
Araneidae_sp._(juv),Dalopius_marginatus_(juv)_{m}
Lycosidae_sp._(juv),Dalopius_marginatus_(juv)_{m}
Cryptops_hortensis,Damaeus_riparius
Acrotona_sylvicola,Desoria_violacea
Atheta_fungi,Desoria_violacea
Atheta_sp.,Desoria_violacea
Atheta_sp._(juv),Desoria_violacea
Linyphiidae_(juv),Desoria_violacea
Lysigamasus_cf_conus,Desoria_violacea
Lysigamasus_vagabundus,Desoria_violacea
Veigaia_nemorensis,Desoria_violacea
Veigaia_nemorensis_(juv),Desoria_violacea
Zercon_cf_gurensis,Desoria_violacea
Lysigamasus_sp.,Desoria_violacea
Pergamasus_norvegicus,Desoria_violacea
Vulgarogamasus_kraepelini,Desoria_violacea
Platybunus_sp.,Desoria_violacea
Leptacinus_sp._(juv),Desoria_violacea
Pergamasinae_(juv)_{s},Desoria_violacea
Pergamasus_sp._(juv)_{m},Desoria_violacea
Linyphiidae_cf_Erigoniinae_(juv)_{m},Desoria_violacea
Lysigamasus_cf_conus,Deuteraphorura_inermis
Lysigamasus_vagabundus,Deuteraphorura_inermis
Veigaia_nemorensis,Deuteraphorura_inermis
Veigaia_nemorensis_(juv),Deuteraphorura_inermis
Zercon_cf_gurensis,Deuteraphorura_inermis
Lysigamasus_sp.,Deuteraphorura_inermis
Pergamasus_norvegicus,Deuteraphorura_inermis
Vulgarogamasus_kraepelini,Deuteraphorura_inermis
Pergamasinae_(juv)_{s},Deuteraphorura_inermis
Pergamasus_sp._(juv)_{m},Deuteraphorura_inermis
Campodea_sp._{l},Deuteraphorura_inermis
Cryptops_hortensis,Elateridae_sp1_(juv)_{l}
Lycosidae_sp._(juv),Elateridae_sp1_(juv)_{l}
Acrotona_sylvicola,Enchytraeidae
Atheta_fungi,Enchytraeidae
Atheta_sp.,Enchytraeidae
Geostiba_circellaris,Enchytraeidae
Oribatida_sp._(juv),Enchytraeidae
Nothrus_silvestris,Enchytraeidae
Oppiella_nova,Enchytraeidae
Suctobelbella_sp.,Enchytraeidae
Campodea_sp._{l},Enchytraeidae
Staphylinidae_spec,Enchytraeidae
Atheta_sp._(juv),Entomobrya_corticalis
Lysigamasus_cf_conus,Entomobrya_corticalis
Lysigamasus_vagabundus,Entomobrya_corticalis
Veigaia_nemorensis,Entomobrya_corticalis
Veigaia_nemorensis_(juv),Entomobrya_corticalis
Zercon_cf_gurensis,Entomobrya_corticalis
Zercon_sp._(juv),Entomobrya_corticalis
Lysigamasus_sp.,Entomobrya_corticalis
Pergamasus_norvegicus,Entomobrya_corticalis
Vulgarogamasus_kraepelini,Entomobrya_corticalis
Platybunus_sp.,Entomobrya_corticalis
Pergamasinae_(juv)_{s},Entomobrya_corticalis
Pergamasus_sp._(juv)_{m},Entomobrya_corticalis
Linyphiidae_cf_Erigoniinae_(juv)_{m},Entomobrya_corticalis
Atheta_sp._(juv),Entomobrya_sp.
Linyphiidae_(juv),Entomobrya_sp.
Lysigamasus_cf_conus,Entomobrya_sp.
Lysigamasus_vagabundus,Entomobrya_sp.
Veigaia_nemorensis,Entomobrya_sp.
Veigaia_nemorensis_(juv),Entomobrya_sp.
Zercon_cf_gurensis,Entomobrya_sp.
Zercon_sp._(juv),Entomobrya_sp.
Lysigamasus_sp.,Entomobrya_sp.
Pergamasus_norvegicus,Entomobrya_sp.
Vulgarogamasus_kraepelini,Entomobrya_sp.
Platybunus_sp.,Entomobrya_sp.
Leptacinus_sp._(juv),Entomobrya_sp.
Pergamasinae_(juv)_{s},Entomobrya_sp.
Pergamasus_sp._(juv)_{m},Entomobrya_sp.
Linyphiidae_cf_Erigoniinae_(juv)_{m},Entomobrya_sp.
Isotomiella_minor,flagellates
Megalothorax_minimus,flagellates
Parisotoma_notabilis,flagellates
Ballistura_cf._hankoi,flagellates
Ceratophysella_succinea,flagellates
predacious_nematodes,flagellates
omnivorous_nematodes,flagellates
Enchytraeidae,flagellates
Lumbricus_rubellus_{xxl},flagellates
Lumbricus_rubellus_(juv)_{xxl},flagellates
Atheta_sp._(juv),Folsomia_quadrioculata
Linyphiidae_(juv),Folsomia_quadrioculata
Lysigamasus_cf_conus,Folsomia_quadrioculata
Lysigamasus_vagabundus,Folsomia_quadrioculata
Veigaia_nemorensis,Folsomia_quadrioculata
Veigaia_nemorensis_(juv),Folsomia_quadrioculata
Zercon_cf_gurensis,Folsomia_quadrioculata
Zercon_sp._(juv),Folsomia_quadrioculata
Lysigamasus_sp.,Folsomia_quadrioculata
Pergamasus_norvegicus,Folsomia_quadrioculata
Vulgarogamasus_kraepelini,Folsomia_quadrioculata
Platybunus_sp.,Folsomia_quadrioculata
Leptacinus_sp._(juv),Folsomia_quadrioculata
Pergamasinae_(juv)_{s},Folsomia_quadrioculata
Pergamasus_sp._(juv)_{m},Folsomia_quadrioculata
Linyphiidae_cf_Erigoniinae_(juv)_{m},Folsomia_quadrioculata
Mesaphorura_sp.,fungivorous_nematodes
Micranurida_pygmaea,fungivorous_nematodes
Atheta_sp._(juv),fungivorous_nematodes
Othius_sp._(juv)_{m},fungivorous_nematodes
Staphylinidae_sp._(juv)_{s},fungivorous_nematodes
Lysigamasus_cf_conus,fungivorous_nematodes
Lysigamasus_vagabundus,fungivorous_nematodes
Trachytes_aegrota,fungivorous_nematodes
Trachytes_aegrota_(juv)_{xs},fungivorous_nematodes
Uropoda_minima,fungivorous_nematodes
Uropoda_minima_(juv),fungivorous_nematodes
Veigaia_nemorensis,fungivorous_nematodes
Veigaia_nemorensis_(juv),fungivorous_nematodes
Zercon_cf_gurensis,fungivorous_nematodes
Zercon_sp._(juv),fungivorous_nematodes
Oribatida_sp._(juv),fungivorous_nematodes
Microppia_minus,fungivorous_nematodes
Nothrus_silvestris,fungivorous_nematodes
Oppiella_nova,fungivorous_nematodes
predacious_nematodes,fungivorous_nematodes
omnivorous_nematodes,fungivorous_nematodes
Lysigamasus_sp.,fungivorous_nematodes
Pergamasus_norvegicus,fungivorous_nematodes
Vulgarogamasus_kraepelini,fungivorous_nematodes
Leptacinus_sp._(juv),fungivorous_nematodes
Suctobelbella_sp.,fungivorous_nematodes
Mesaphorura_macrochaeta,fungivorous_nematodes
Neanura_muscorum,fungivorous_nematodes
Athous_subfuscus_(juv)_{l},fungivorous_nematodes
Pergamasinae_(juv)_{s},fungivorous_nematodes
Pergamasus_sp._(juv)_{m},fungivorous_nematodes
Notiophilus_rufipes_(juv),Geostiba_circellaris
Geostiba_circellaris,Geostiba_circellaris
Othius_sp._(juv)_{m},Geostiba_circellaris
Staphylinidae_sp._(juv)_{s},Geostiba_circellaris
Tapinocyba_insecta,Geostiba_circellaris
Cryptops_hortensis,Geostiba_circellaris
Athous_subfuscus_(juv)_{l},Geostiba_circellaris
Campodea_sp._{l},Geostiba_circellaris
Staphylinidae_spec,Geostiba_circellaris
Theridiidae_sp._(juv),Geostiba_circellaris
Araneidae_sp._(juv),Geostiba_circellaris
Lycosidae_sp._(juv),Geostiba_circellaris
Atheta_sp._(juv),Isotomiella_minor
Lysigamasus_cf_conus,Isotomiella_minor
Lysigamasus_vagabundus,Isotomiella_minor
Veigaia_nemorensis,Isotomiella_minor
Veigaia_nemorensis_(juv),Isotomiella_minor
Zercon_cf_gurensis,Isotomiella_minor
Zercon_sp._(juv),Isotomiella_minor
Lysigamasus_sp.,Isotomiella_minor
Pergamasus_norvegicus,Isotomiella_minor
Vulgarogamasus_kraepelini,Isotomiella_minor
Platybunus_sp.,Isotomiella_minor
Pergamasinae_(juv)_{s},Isotomiella_minor
Pergamasus_sp._(juv)_{m},Isotomiella_minor
Linyphiidae_cf_Erigoniinae_(juv)_{m},Isotomiella_minor
Acrotona_sylvicola,Lepidocyrtus_lanuginosus
Atheta_fungi,Lepidocyrtus_lanuginosus
Atheta_sp.,Lepidocyrtus_lanuginosus
Atheta_sp._(juv),Lepidocyrtus_lanuginosus
Linyphiidae_(juv),Lepidocyrtus_lanuginosus
Lysigamasus_cf_conus,Lepidocyrtus_lanuginosus
Lysigamasus_vagabundus,Lepidocyrtus_lanuginosus
Veigaia_nemorensis,Lepidocyrtus_lanuginosus
Veigaia_nemorensis_(juv),Lepidocyrtus_lanuginosus
Zercon_cf_gurensis,Lepidocyrtus_lanuginosus
Lysigamasus_sp.,Lepidocyrtus_lanuginosus
Pergamasus_norvegicus,Lepidocyrtus_lanuginosus
Vulgarogamasus_kraepelini,Lepidocyrtus_lanuginosus
Platybunus_sp.,Lepidocyrtus_lanuginosus
Leptacinus_sp._(juv),Lepidocyrtus_lanuginosus
Pergamasinae_(juv)_{s},Lepidocyrtus_lanuginosus
Pergamasus_sp._(juv)_{m},Lepidocyrtus_lanuginosus
Linyphiidae_cf_Erigoniinae_(juv)_{m},Lepidocyrtus_lanuginosus
Notiophilus_rufipes_(juv),Leptacinus_sp._(juv)
Acrotona_sylvicola,Leptacinus_sp._(juv)
Atheta_fungi,Leptacinus_sp._(juv)
Atheta_sp.,Leptacinus_sp._(juv)
Geostiba_circellaris,Leptacinus_sp._(juv)
Othius_sp._(juv)_{m},Leptacinus_sp._(juv)
Staphylinidae_sp._(juv)_{s},Leptacinus_sp._(juv)
Linyphiidae_(juv),Leptacinus_sp._(juv)
Tapinocyba_insecta,Leptacinus_sp._(juv)
Cryptops_hortensis,Leptacinus_sp._(juv)
Leptacinus_sp._(juv),Leptacinus_sp._(juv)
Athous_subfuscus_(juv)_{l},Leptacinus_sp._(juv)
Campodea_sp._{l},Leptacinus_sp._(juv)
Staphylinidae_spec,Leptacinus_sp._(juv)
Theridiidae_sp._(juv),Leptacinus_sp._(juv)
Araneidae_sp._(juv),Leptacinus_sp._(juv)
Lycosidae_sp._(juv),Leptacinus_sp._(juv)
Notiophilus_rufipes_(juv),Linyphiidae_(juv)
Acrotona_sylvicola,Linyphiidae_(juv)
Atheta_fungi,Linyphiidae_(juv)
Atheta_sp.,Linyphiidae_(juv)
Geostiba_circellaris,Linyphiidae_(juv)
Othius_sp._(juv)_{m},Linyphiidae_(juv)
Staphylinidae_sp._(juv)_{s},Linyphiidae_(juv)
Tapinocyba_insecta,Linyphiidae_(juv)
Cryptops_hortensis,Linyphiidae_(juv)
Athous_subfuscus_(juv)_{l},Linyphiidae_(juv)
Campodea_sp._{l},Linyphiidae_(juv)
Staphylinidae_spec,Linyphiidae_(juv)
Theridiidae_sp._(juv),Linyphiidae_(juv)
Lycosidae_sp._(juv),Linyphiidae_(juv)
Notiophilus_rufipes_(juv),Linyphiidae_cf_Erigoniinae_(juv)_{m}
Acrotona_sylvicola,Linyphiidae_cf_Erigoniinae_(juv)_{m}
Atheta_fungi,Linyphiidae_cf_Erigoniinae_(juv)_{m}
Atheta_sp.,Linyphiidae_cf_Erigoniinae_(juv)_{m}
Geostiba_circellaris,Linyphiidae_cf_Erigoniinae_(juv)_{m}
Othius_sp._(juv)_{m},Linyphiidae_cf_Erigoniinae_(juv)_{m}
Staphylinidae_sp._(juv)_{s},Linyphiidae_cf_Erigoniinae_(juv)_{m}
Linyphiidae_(juv),Linyphiidae_cf_Erigoniinae_(juv)_{m}
Tapinocyba_insecta,Linyphiidae_cf_Erigoniinae_(juv)_{m}
Platybunus_sp.,Linyphiidae_cf_Erigoniinae_(juv)_{m}
Cryptops_hortensis,Linyphiidae_cf_Erigoniinae_(juv)_{m}
Leptacinus_sp._(juv),Linyphiidae_cf_Erigoniinae_(juv)_{m}
Athous_subfuscus_(juv)_{l},Linyphiidae_cf_Erigoniinae_(juv)_{m}
Campodea_sp._{l},Linyphiidae_cf_Erigoniinae_(juv)_{m}
Staphylinidae_spec,Linyphiidae_cf_Erigoniinae_(juv)_{m}
Theridiidae_sp._(juv),Linyphiidae_cf_Erigoniinae_(juv)_{m}
Lycosidae_sp._(juv),Linyphiidae_cf_Erigoniinae_(juv)_{m}
Acrotona_sylvicola,Lipothrix_lubbocki
Atheta_fungi,Lipothrix_lubbocki
Atheta_sp.,Lipothrix_lubbocki
Atheta_sp._(juv),Lipothrix_lubbocki
Geostiba_circellaris,Lipothrix_lubbocki
Linyphiidae_(juv),Lipothrix_lubbocki
Lysigamasus_cf_conus,Lipothrix_lubbocki
Lysigamasus_vagabundus,Lipothrix_lubbocki
Veigaia_nemorensis,Lipothrix_lubbocki
Veigaia_nemorensis_(juv),Lipothrix_lubbocki
Zercon_cf_gurensis,Lipothrix_lubbocki
Lysigamasus_sp.,Lipothrix_lubbocki
Pergamasus_norvegicus,Lipothrix_lubbocki
Vulgarogamasus_kraepelini,Lipothrix_lubbocki
Platybunus_sp.,Lipothrix_lubbocki
Leptacinus_sp._(juv),Lipothrix_lubbocki
Pergamasinae_(juv)_{s},Lipothrix_lubbocki
Pergamasus_sp._(juv)_{m},Lipothrix_lubbocki
Linyphiidae_cf_Erigoniinae_(juv)_{m},Lipothrix_lubbocki
Cryptops_hortensis,Lycosidae_sp._(juv)
Lycosidae_sp._(juv),Lycosidae_sp._(juv)
Acrotona_sylvicola,Lysigamasus_cf_conus
Atheta_fungi,Lysigamasus_cf_conus
Atheta_sp.,Lysigamasus_cf_conus
Atheta_sp._(juv),Lysigamasus_cf_conus
Geostiba_circellaris,Lysigamasus_cf_conus
Linyphiidae_(juv),Lysigamasus_cf_conus
Tapinocyba_insecta,Lysigamasus_cf_conus
Lysigamasus_cf_conus,Lysigamasus_cf_conus
Lysigamasus_vagabundus,Lysigamasus_cf_conus
Veigaia_nemorensis,Lysigamasus_cf_conus
Pergamasus_norvegicus,Lysigamasus_cf_conus
Vulgarogamasus_kraepelini,Lysigamasus_cf_conus
Platybunus_sp.,Lysigamasus_cf_conus
Leptacinus_sp._(juv),Lysigamasus_cf_conus
Pergamasus_sp._(juv)_{m},Lysigamasus_cf_conus
Campodea_sp._{l},Lysigamasus_cf_conus
Linyphiidae_cf_Erigoniinae_(juv)_{m},Lysigamasus_cf_conus
Acrotona_sylvicola,Lysigamasus_sp.
Atheta_fungi,Lysigamasus_sp.
Atheta_sp.,Lysigamasus_sp.
Atheta_sp._(juv),Lysigamasus_sp.
Geostiba_circellaris,Lysigamasus_sp.
Linyphiidae_(juv),Lysigamasus_sp.
Tapinocyba_insecta,Lysigamasus_sp.
Lysigamasus_cf_conus,Lysigamasus_sp.
Lysigamasus_vagabundus,Lysigamasus_sp.
Veigaia_nemorensis,Lysigamasus_sp.
Lysigamasus_sp.,Lysigamasus_sp.
Pergamasus_norvegicus,Lysigamasus_sp.
Vulgarogamasus_kraepelini,Lysigamasus_sp.
Platybunus_sp.,Lysigamasus_sp.
Leptacinus_sp._(juv),Lysigamasus_sp.
Pergamasus_sp._(juv)_{m},Lysigamasus_sp.
Campodea_sp._{l},Lysigamasus_sp.
Linyphiidae_cf_Erigoniinae_(juv)_{m},Lysigamasus_sp.
Notiophilus_rufipes_(juv),Lysigamasus_vagabundus
Acrotona_sylvicola,Lysigamasus_vagabundus
Atheta_fungi,Lysigamasus_vagabundus
Atheta_sp.,Lysigamasus_vagabundus
Atheta_sp._(juv),Lysigamasus_vagabundus
Geostiba_circellaris,Lysigamasus_vagabundus
Othius_sp._(juv)_{m},Lysigamasus_vagabundus
Linyphiidae_(juv),Lysigamasus_vagabundus
Tapinocyba_insecta,Lysigamasus_vagabundus
Lysigamasus_vagabundus,Lysigamasus_vagabundus
Pergamasus_norvegicus,Lysigamasus_vagabundus
Vulgarogamasus_kraepelini,Lysigamasus_vagabundus
Platybunus_sp.,Lysigamasus_vagabundus
Leptacinus_sp._(juv),Lysigamasus_vagabundus
Athous_subfuscus_(juv)_{l},Lysigamasus_vagabundus
Pergamasus_sp._(juv)_{m},Lysigamasus_vagabundus
Campodea_sp._{l},Lysigamasus_vagabundus
Linyphiidae_cf_Erigoniinae_(juv)_{m},Lysigamasus_vagabundus
Staphylinidae_spec,Lysigamasus_vagabundus
Theridiidae_sp._(juv),Lysigamasus_vagabundus
Acrotona_sylvicola,Megalothorax_minimus
Atheta_fungi,Megalothorax_minimus
Atheta_sp.,Megalothorax_minimus
Atheta_sp._(juv),Megalothorax_minimus
Geostiba_circellaris,Megalothorax_minimus
Linyphiidae_(juv),Megalothorax_minimus
Tapinocyba_insecta,Megalothorax_minimus
Lysigamasus_cf_conus,Megalothorax_minimus
Lysigamasus_vagabundus,Megalothorax_minimus
Veigaia_nemorensis,Megalothorax_minimus
Veigaia_nemorensis_(juv),Megalothorax_minimus
Lysigamasus_sp.,Megalothorax_minimus
Pergamasus_norvegicus,Megalothorax_minimus
Vulgarogamasus_kraepelini,Megalothorax_minimus
Platybunus_sp.,Megalothorax_minimus
Leptacinus_sp._(juv),Megalothorax_minimus
Pergamasinae_(juv)_{s},Megalothorax_minimus
Pergamasus_sp._(juv)_{m},Megalothorax_minimus
Linyphiidae_cf_Erigoniinae_(juv)_{m},Megalothorax_minimus
Araneidae_sp._(juv),Megalothorax_minimus
Acrotona_sylvicola,Mesaphorura_macrochaeta
Atheta_fungi,Mesaphorura_macrochaeta
Atheta_sp.,Mesaphorura_macrochaeta
Atheta_sp._(juv),Mesaphorura_macrochaeta
Geostiba_circellaris,Mesaphorura_macrochaeta
Linyphiidae_(juv),Mesaphorura_macrochaeta
Tapinocyba_insecta,Mesaphorura_macrochaeta
Lysigamasus_cf_conus,Mesaphorura_macrochaeta
Lysigamasus_vagabundus,Mesaphorura_macrochaeta
Veigaia_nemorensis,Mesaphorura_macrochaeta
Veigaia_nemorensis_(juv),Mesaphorura_macrochaeta
Lysigamasus_sp.,Mesaphorura_macrochaeta
Pergamasus_norvegicus,Mesaphorura_macrochaeta
Vulgarogamasus_kraepelini,Mesaphorura_macrochaeta
Platybunus_sp.,Mesaphorura_macrochaeta
Leptacinus_sp._(juv),Mesaphorura_macrochaeta
Pergamasinae_(juv)_{s},Mesaphorura_macrochaeta
Pergamasus_sp._(juv)_{m},Mesaphorura_macrochaeta
Linyphiidae_cf_Erigoniinae_(juv)_{m},Mesaphorura_macrochaeta
Araneidae_sp._(juv),Mesaphorura_macrochaeta
Acrotona_sylvicola,Mesaphorura_sp.
Atheta_fungi,Mesaphorura_sp.
Atheta_sp.,Mesaphorura_sp.
Atheta_sp._(juv),Mesaphorura_sp.
Geostiba_circellaris,Mesaphorura_sp.
Linyphiidae_(juv),Mesaphorura_sp.
Tapinocyba_insecta,Mesaphorura_sp.
Lysigamasus_cf_conus,Mesaphorura_sp.
Lysigamasus_vagabundus,Mesaphorura_sp.
Veigaia_nemorensis,Mesaphorura_sp.
Veigaia_nemorensis_(juv),Mesaphorura_sp.
Lysigamasus_sp.,Mesaphorura_sp.
Pergamasus_norvegicus,Mesaphorura_sp.
Vulgarogamasus_kraepelini,Mesaphorura_sp.
Platybunus_sp.,Mesaphorura_sp.
Leptacinus_sp._(juv),Mesaphorura_sp.
Pergamasinae_(juv)_{s},Mesaphorura_sp.
Pergamasus_sp._(juv)_{m},Mesaphorura_sp.
Linyphiidae_cf_Erigoniinae_(juv)_{m},Mesaphorura_sp.
Araneidae_sp._(juv),Mesaphorura_sp.
Atheta_sp._(juv),Micranurida_pygmaea
Lysigamasus_cf_conus,Micranurida_pygmaea
Lysigamasus_vagabundus,Micranurida_pygmaea
Veigaia_nemorensis,Micranurida_pygmaea
Veigaia_nemorensis_(juv),Micranurida_pygmaea
Zercon_cf_gurensis,Micranurida_pygmaea
Zercon_sp._(juv),Micranurida_pygmaea
Lysigamasus_sp.,Micranurida_pygmaea
Pergamasus_norvegicus,Micranurida_pygmaea
Vulgarogamasus_kraepelini,Micranurida_pygmaea
Platybunus_sp.,Micranurida_pygmaea
Leptacinus_sp._(juv),Micranurida_pygmaea
Pergamasinae_(juv)_{s},Micranurida_pygmaea
Pergamasus_sp._(juv)_{m},Micranurida_pygmaea
Linyphiidae_cf_Erigoniinae_(juv)_{m},Micranurida_pygmaea
Lysigamasus_cf_conus,Micraphorura_absoloni
Lysigamasus_vagabundus,Micraphorura_absoloni
Veigaia_nemorensis,Micraphorura_absoloni
Veigaia_nemorensis_(juv),Micraphorura_absoloni
Zercon_cf_gurensis,Micraphorura_absoloni
Zercon_sp._(juv),Micraphorura_absoloni
Lysigamasus_sp.,Micraphorura_absoloni
Pergamasus_norvegicus,Micraphorura_absoloni
Vulgarogamasus_kraepelini,Micraphorura_absoloni
Pergamasinae_(juv)_{s},Micraphorura_absoloni
Pergamasus_sp._(juv)_{m},Micraphorura_absoloni
Campodea_sp._{l},Micraphorura_absoloni
Cryptops_hortensis,Nanhermannia_nana
Acrotona_sylvicola,Neanura_muscorum
Atheta_fungi,Neanura_muscorum
Atheta_sp.,Neanura_muscorum
Atheta_sp._(juv),Neanura_muscorum
Geostiba_circellaris,Neanura_muscorum
Linyphiidae_(juv),Neanura_muscorum
Tapinocyba_insecta,Neanura_muscorum
Lysigamasus_cf_conus,Neanura_muscorum
Lysigamasus_vagabundus,Neanura_muscorum
Veigaia_nemorensis,Neanura_muscorum
Veigaia_nemorensis_(juv),Neanura_muscorum
Lysigamasus_sp.,Neanura_muscorum
Pergamasus_norvegicus,Neanura_muscorum
Vulgarogamasus_kraepelini,Neanura_muscorum
Platybunus_sp.,Neanura_muscorum
Leptacinus_sp._(juv),Neanura_muscorum
Pergamasinae_(juv)_{s},Neanura_muscorum
Pergamasus_sp._(juv)_{m},Neanura_muscorum
Linyphiidae_cf_Erigoniinae_(juv)_{m},Neanura_muscorum
Araneidae_sp._(juv),Neanura_muscorum
Notiophilus_rufipes_(juv),Nitidulidae_sp.
Geostiba_circellaris,Nitidulidae_sp.
Othius_sp._(juv)_{m},Nitidulidae_sp.
Staphylinidae_sp._(juv)_{s},Nitidulidae_sp.
Tapinocyba_insecta,Nitidulidae_sp.
Cryptops_hortensis,Nitidulidae_sp.
Athous_subfuscus_(juv)_{l},Nitidulidae_sp.
Campodea_sp._{l},Nitidulidae_sp.
Staphylinidae_spec,Nitidulidae_sp.
Theridiidae_sp._(juv),Nitidulidae_sp.
Araneidae_sp._(juv),Nitidulidae_sp.
Lycosidae_sp._(juv),Nitidulidae_sp.
Cryptops_hortensis,Nothrus_silvestris
Notiophilus_rufipes_(juv),Notiophilus_rufipes_(juv)
Staphylinidae_sp._(juv)_{s},Notiophilus_rufipes_(juv)
Cryptops_hortensis,Notiophilus_rufipes_(juv)
Athous_subfuscus_(juv)_{l},Notiophilus_rufipes_(juv)
Staphylinidae_spec,Notiophilus_rufipes_(juv)
Theridiidae_sp._(juv),Notiophilus_rufipes_(juv)
Lycosidae_sp._(juv),Notiophilus_rufipes_(juv)
Mesaphorura_sp.,omnivorous_nematodes
Micranurida_pygmaea,omnivorous_nematodes
Atheta_sp._(juv),omnivorous_nematodes
Othius_sp._(juv)_{m},omnivorous_nematodes
Staphylinidae_sp._(juv)_{s},omnivorous_nematodes
Lysigamasus_cf_conus,omnivorous_nematodes
Lysigamasus_vagabundus,omnivorous_nematodes
Trachytes_aegrota,omnivorous_nematodes
Trachytes_aegrota_(juv)_{xs},omnivorous_nematodes
Uropoda_minima,omnivorous_nematodes
Uropoda_minima_(juv),omnivorous_nematodes
Veigaia_nemorensis,omnivorous_nematodes
Veigaia_nemorensis_(juv),omnivorous_nematodes
Zercon_cf_gurensis,omnivorous_nematodes
Zercon_sp._(juv),omnivorous_nematodes
Oribatida_sp._(juv),omnivorous_nematodes
Microppia_minus,omnivorous_nematodes
Nothrus_silvestris,omnivorous_nematodes
Oppiella_nova,omnivorous_nematodes
predacious_nematodes,omnivorous_nematodes
omnivorous_nematodes,omnivorous_nematodes
Lysigamasus_sp.,omnivorous_nematodes
Pergamasus_norvegicus,omnivorous_nematodes
Vulgarogamasus_kraepelini,omnivorous_nematodes
Leptacinus_sp._(juv),omnivorous_nematodes
Suctobelbella_sp.,omnivorous_nematodes
Mesaphorura_macrochaeta,omnivorous_nematodes
Neanura_muscorum,omnivorous_nematodes
Athous_subfuscus_(juv)_{l},omnivorous_nematodes
Pergamasinae_(juv)_{s},omnivorous_nematodes
Pergamasus_sp._(juv)_{m},omnivorous_nematodes
Lysigamasus_cf_conus,Oribatida_sp._(juv)
Lysigamasus_vagabundus,Oribatida_sp._(juv)
Veigaia_nemorensis,Oribatida_sp._(juv)
Zercon_cf_gurensis,Oribatida_sp._(juv)
Lysigamasus_sp.,Oribatida_sp._(juv)
Notiophilus_rufipes_(juv),Othius_sp._(juv)_{m}
Othius_sp._(juv)_{m},Othius_sp._(juv)_{m}
Staphylinidae_sp._(juv)_{s},Othius_sp._(juv)_{m}
Cryptops_hortensis,Othius_sp._(juv)_{m}
Athous_subfuscus_(juv)_{l},Othius_sp._(juv)_{m}
Staphylinidae_spec,Othius_sp._(juv)_{m}
Theridiidae_sp._(juv),Othius_sp._(juv)_{m}
Lycosidae_sp._(juv),Othius_sp._(juv)_{m}
Atheta_sp._(juv),Parisotoma_notabilis
Lysigamasus_cf_conus,Parisotoma_notabilis
Lysigamasus_vagabundus,Parisotoma_notabilis
Veigaia_nemorensis,Parisotoma_notabilis
Veigaia_nemorensis_(juv),Parisotoma_notabilis
Zercon_cf_gurensis,Parisotoma_notabilis
Zercon_sp._(juv),Parisotoma_notabilis
Lysigamasus_sp.,Parisotoma_notabilis
Vulgarogamasus_kraepelini,Parisotoma_notabilis
Pergamasinae_(juv)_{s},Parisotoma_notabilis
Pergamasus_sp._(juv)_{m},Parisotoma_notabilis
Linyphiidae_cf_Erigoniinae_(juv)_{m},Parisotoma_notabilis
Acrotona_sylvicola,Pergamasinae_(juv)_{s}
Atheta_fungi,Pergamasinae_(juv)_{s}
Atheta_sp.,Pergamasinae_(juv)_{s}
Atheta_sp._(juv),Pergamasinae_(juv)_{s}
Geostiba_circellaris,Pergamasinae_(juv)_{s}
Linyphiidae_(juv),Pergamasinae_(juv)_{s}
Tapinocyba_insecta,Pergamasinae_(juv)_{s}
Lysigamasus_cf_conus,Pergamasinae_(juv)_{s}
Lysigamasus_vagabundus,Pergamasinae_(juv)_{s}
Veigaia_nemorensis,Pergamasinae_(juv)_{s}
Lysigamasus_sp.,Pergamasinae_(juv)_{s}
Pergamasus_norvegicus,Pergamasinae_(juv)_{s}
Vulgarogamasus_kraepelini,Pergamasinae_(juv)_{s}
Platybunus_sp.,Pergamasinae_(juv)_{s}
Leptacinus_sp._(juv),Pergamasinae_(juv)_{s}
Pergamasinae_(juv)_{s},Pergamasinae_(juv)_{s}
Pergamasus_sp._(juv)_{m},Pergamasinae_(juv)_{s}
Linyphiidae_cf_Erigoniinae_(juv)_{m},Pergamasinae_(juv)_{s}
Notiophilus_rufipes_(juv),Pergamasus_norvegicus
Acrotona_sylvicola,Pergamasus_norvegicus
Atheta_fungi,Pergamasus_norvegicus
Atheta_sp.,Pergamasus_norvegicus
Geostiba_circellaris,Pergamasus_norvegicus
Othius_sp._(juv)_{m},Pergamasus_norvegicus
Staphylinidae_sp._(juv)_{s},Pergamasus_norvegicus
Linyphiidae_(juv),Pergamasus_norvegicus
Tapinocyba_insecta,Pergamasus_norvegicus
Pergamasus_norvegicus,Pergamasus_norvegicus
Cryptops_hortensis,Pergamasus_norvegicus
Leptacinus_sp._(juv),Pergamasus_norvegicus
Athous_subfuscus_(juv)_{l},Pergamasus_norvegicus
Campodea_sp._{l},Pergamasus_norvegicus
Staphylinidae_spec,Pergamasus_norvegicus
Theridiidae_sp._(juv),Pergamasus_norvegicus
Lycosidae_sp._(juv),Pergamasus_norvegicus
Notiophilus_rufipes_(juv),Pergamasus_sp._(juv)_{m}
Acrotona_sylvicola,Pergamasus_sp._(juv)_{m}
Atheta_fungi,Pergamasus_sp._(juv)_{m}
Atheta_sp.,Pergamasus_sp._(juv)_{m}
Atheta_sp._(juv),Pergamasus_sp._(juv)_{m}
Geostiba_circellaris,Pergamasus_sp._(juv)_{m}
Othius_sp._(juv)_{m},Pergamasus_sp._(juv)_{m}
Staphylinidae_sp._(juv)_{s},Pergamasus_sp._(juv)_{m}
Linyphiidae_(juv),Pergamasus_sp._(juv)_{m}
Tapinocyba_insecta,Pergamasus_sp._(juv)_{m}
Pergamasus_norvegicus,Pergamasus_sp._(juv)_{m}
Platybunus_sp.,Pergamasus_sp._(juv)_{m}
Cryptops_hortensis,Pergamasus_sp._(juv)_{m}
Leptacinus_sp._(juv),Pergamasus_sp._(juv)_{m}
Athous_subfuscus_(juv)_{l},Pergamasus_sp._(juv)_{m}
Pergamasus_sp._(juv)_{m},Pergamasus_sp._(juv)_{m}
Campodea_sp._{l},Pergamasus_sp._(juv)_{m}
Linyphiidae_cf_Erigoniinae_(juv)_{m},Pergamasus_sp._(juv)_{m}
Staphylinidae_spec,Pergamasus_sp._(juv)_{m}
Theridiidae_sp._(juv),Pergamasus_sp._(juv)_{m}
Lycosidae_sp._(juv),Pergamasus_sp._(juv)_{m}
Cryptops_hortensis,Phthiracarus_affinis
Cryptops_hortensis,Phthiracarus_lentulus
Cryptops_hortensis,Phthiracarus_longulus
Notiophilus_rufipes_(juv),Platybunus_sp.
Acrotona_sylvicola,Platybunus_sp.
Atheta_fungi,Platybunus_sp.
Atheta_sp.,Platybunus_sp.
Geostiba_circellaris,Platybunus_sp.
Othius_sp._(juv)_{m},Platybunus_sp.
Staphylinidae_sp._(juv)_{s},Platybunus_sp.
Linyphiidae_(juv),Platybunus_sp.
Tapinocyba_insecta,Platybunus_sp.
Platybunus_sp.,Platybunus_sp.
Cryptops_hortensis,Platybunus_sp.
Leptacinus_sp._(juv),Platybunus_sp.
Athous_subfuscus_(juv)_{l},Platybunus_sp.
Campodea_sp._{l},Platybunus_sp.
Staphylinidae_spec,Platybunus_sp.
Theridiidae_sp._(juv),Platybunus_sp.
Araneidae_sp._(juv),Platybunus_sp.
Lycosidae_sp._(juv),Platybunus_sp.
Cryptops_hortensis,Platynothrus_peltifer
Mesaphorura_sp.,predacious_nematodes
Micranurida_pygmaea,predacious_nematodes
Atheta_sp._(juv),predacious_nematodes
Othius_sp._(juv)_{m},predacious_nematodes
Staphylinidae_sp._(juv)_{s},predacious_nematodes
Lysigamasus_cf_conus,predacious_nematodes
Lysigamasus_vagabundus,predacious_nematodes
Trachytes_aegrota,predacious_nematodes
Trachytes_aegrota_(juv)_{xs},predacious_nematodes
Uropoda_minima,predacious_nematodes
Uropoda_minima_(juv),predacious_nematodes
Veigaia_nemorensis,predacious_nematodes
Veigaia_nemorensis_(juv),predacious_nematodes
Zercon_cf_gurensis,predacious_nematodes
Zercon_sp._(juv),predacious_nematodes
Oribatida_sp._(juv),predacious_nematodes
Microppia_minus,predacious_nematodes
Nothrus_silvestris,predacious_nematodes
Oppiella_nova,predacious_nematodes
predacious_nematodes,predacious_nematodes
omnivorous_nematodes,predacious_nematodes
Lysigamasus_sp.,predacious_nematodes
Pergamasus_norvegicus,predacious_nematodes
Vulgarogamasus_kraepelini,predacious_nematodes
Leptacinus_sp._(juv),predacious_nematodes
Suctobelbella_sp.,predacious_nematodes
Mesaphorura_macrochaeta,predacious_nematodes
Neanura_muscorum,predacious_nematodes
Athous_subfuscus_(juv)_{l},predacious_nematodes
Pergamasinae_(juv)_{s},predacious_nematodes
Pergamasus_sp._(juv)_{m},predacious_nematodes
Lysigamasus_cf_conus,Protaphorura_armata
Lysigamasus_vagabundus,Protaphorura_armata
Veigaia_nemorensis,Protaphorura_armata
Veigaia_nemorensis_(juv),Protaphorura_armata
Zercon_cf_gurensis,Protaphorura_armata
Lysigamasus_sp.,Protaphorura_armata
Pergamasus_norvegicus,Protaphorura_armata
Vulgarogamasus_kraepelini,Protaphorura_armata
Pergamasinae_(juv)_{s},Protaphorura_armata
Pergamasus_sp._(juv)_{m},Protaphorura_armata
Campodea_sp._{l},Protaphorura_armata
Atheta_sp._(juv),Pseudosinella_alba
Lysigamasus_cf_conus,Pseudosinella_alba
Lysigamasus_vagabundus,Pseudosinella_alba
Veigaia_nemorensis,Pseudosinella_alba
Veigaia_nemorensis_(juv),Pseudosinella_alba
Zercon_cf_gurensis,Pseudosinella_alba
Zercon_sp._(juv),Pseudosinella_alba
Lysigamasus_sp.,Pseudosinella_alba
Vulgarogamasus_kraepelini,Pseudosinella_alba
Pergamasinae_(juv)_{s},Pseudosinella_alba
Pergamasus_sp._(juv)_{m},Pseudosinella_alba
Linyphiidae_cf_Erigoniinae_(juv)_{m},Pseudosinella_alba
Cryptops_hortensis,Rhysotritia_duplicata
Mesaphorura_sp.,root_feeding_nematodes
Micranurida_pygmaea,root_feeding_nematodes
Atheta_sp._(juv),root_feeding_nematodes
Othius_sp._(juv)_{m},root_feeding_nematodes
Staphylinidae_sp._(juv)_{s},root_feeding_nematodes
Lysigamasus_cf_conus,root_feeding_nematodes
Lysigamasus_vagabundus,root_feeding_nematodes
Trachytes_aegrota,root_feeding_nematodes
Trachytes_aegrota_(juv)_{xs},root_feeding_nematodes
Uropoda_minima,root_feeding_nematodes
Uropoda_minima_(juv),root_feeding_nematodes
Veigaia_nemorensis,root_feeding_nematodes
Veigaia_nemorensis_(juv),root_feeding_nematodes
Zercon_cf_gurensis,root_feeding_nematodes
Zercon_sp._(juv),root_feeding_nematodes
Oribatida_sp._(juv),root_feeding_nematodes
Microppia_minus,root_feeding_nematodes
Nothrus_silvestris,root_feeding_nematodes
Oppiella_nova,root_feeding_nematodes
predacious_nematodes,root_feeding_nematodes
omnivorous_nematodes,root_feeding_nematodes
Lysigamasus_sp.,root_feeding_nematodes
Pergamasus_norvegicus,root_feeding_nematodes
Vulgarogamasus_kraepelini,root_feeding_nematodes
Leptacinus_sp._(juv),root_feeding_nematodes
Suctobelbella_sp.,root_feeding_nematodes
Mesaphorura_macrochaeta,root_feeding_nematodes
Neanura_muscorum,root_feeding_nematodes
Athous_subfuscus_(juv)_{l},root_feeding_nematodes
Pergamasinae_(juv)_{s},root_feeding_nematodes
Pergamasus_sp._(juv)_{m},root_feeding_nematodes
Atheta_sp._(juv),Sminthurinus_aureus
Lysigamasus_cf_conus,Sminthurinus_aureus
Lysigamasus_vagabundus,Sminthurinus_aureus
Veigaia_nemorensis,Sminthurinus_aureus
Veigaia_nemorensis_(juv),Sminthurinus_aureus
Zercon_cf_gurensis,Sminthurinus_aureus
Zercon_sp._(juv),Sminthurinus_aureus
Lysigamasus_sp.,Sminthurinus_aureus
Pergamasus_norvegicus,Sminthurinus_aureus
Vulgarogamasus_kraepelini,Sminthurinus_aureus
Platybunus_sp.,Sminthurinus_aureus
Leptacinus_sp._(juv),Sminthurinus_aureus
Pergamasinae_(juv)_{s},Sminthurinus_aureus
Pergamasus_sp._(juv)_{m},Sminthurinus_aureus
Linyphiidae_cf_Erigoniinae_(juv)_{m},Sminthurinus_aureus
Staphylinidae_sp._(juv)_{s},Staphylinidae_sp._(juv)_{s}
Cryptops_hortensis,Staphylinidae_sp._(juv)_{s}
Lycosidae_sp._(juv),Staphylinidae_sp._(juv)_{s}
Staphylinidae_sp._(juv)_{s},Staphylinidae_spec
Cryptops_hortensis,Staphylinidae_spec
Athous_subfuscus_(juv)_{l},Staphylinidae_spec
Staphylinidae_spec,Staphylinidae_spec
Lycosidae_sp._(juv),Staphylinidae_spec
Notiophilus_rufipes_(juv),Tapinocyba_insecta
Othius_sp._(juv)_{m},Tapinocyba_insecta
Staphylinidae_sp._(juv)_{s},Tapinocyba_insecta
Cryptops_hortensis,Tapinocyba_insecta
Athous_subfuscus_(juv)_{l},Tapinocyba_insecta
Campodea_sp._{l},Tapinocyba_insecta
Staphylinidae_spec,Tapinocyba_insecta
Theridiidae_sp._(juv),Tapinocyba_insecta
Lycosidae_sp._(juv),Tapinocyba_insecta
Staphylinidae_sp._(juv)_{s},Theridiidae_sp._(juv)
Cryptops_hortensis,Theridiidae_sp._(juv)
Athous_subfuscus_(juv)_{l},Theridiidae_sp._(juv)
Staphylinidae_spec,Theridiidae_sp._(juv)
Theridiidae_sp._(juv),Theridiidae_sp._(juv)
Lycosidae_sp._(juv),Theridiidae_sp._(juv)
Notiophilus_rufipes_(juv),Tomocerus_flavescens
Acrotona_sylvicola,Tomocerus_flavescens
Atheta_fungi,Tomocerus_flavescens
Atheta_sp.,Tomocerus_flavescens
Geostiba_circellaris,Tomocerus_flavescens
Othius_sp._(juv)_{m},Tomocerus_flavescens
Staphylinidae_sp._(juv)_{s},Tomocerus_flavescens
Linyphiidae_(juv),Tomocerus_flavescens
Tapinocyba_insecta,Tomocerus_flavescens
Pergamasus_norvegicus,Tomocerus_flavescens
Platybunus_sp.,Tomocerus_flavescens
Cryptops_hortensis,Tomocerus_flavescens
Leptacinus_sp._(juv),Tomocerus_flavescens
Athous_subfuscus_(juv)_{l},Tomocerus_flavescens
Campodea_sp._{l},Tomocerus_flavescens
Staphylinidae_spec,Tomocerus_flavescens
Theridiidae_sp._(juv),Tomocerus_flavescens
Araneidae_sp._(juv),Tomocerus_flavescens
Lycosidae_sp._(juv),Tomocerus_flavescens
Atheta_sp._(juv),Tomocerus_minutus
Linyphiidae_(juv),Tomocerus_minutus
Lysigamasus_cf_conus,Tomocerus_minutus
Lysigamasus_vagabundus,Tomocerus_minutus
Veigaia_nemorensis,Tomocerus_minutus
Veigaia_nemorensis_(juv),Tomocerus_minutus
Zercon_cf_gurensis,Tomocerus_minutus
Zercon_sp._(juv),Tomocerus_minutus
Lysigamasus_sp.,Tomocerus_minutus
Pergamasus_norvegicus,Tomocerus_minutus
Vulgarogamasus_kraepelini,Tomocerus_minutus
Platybunus_sp.,Tomocerus_minutus
Leptacinus_sp._(juv),Tomocerus_minutus
Pergamasinae_(juv)_{s},Tomocerus_minutus
Pergamasus_sp._(juv)_{m},Tomocerus_minutus
Linyphiidae_cf_Erigoniinae_(juv)_{m},Tomocerus_minutus
Notiophilus_rufipes_(juv),Trachytes_aegrota
Acrotona_sylvicola,Trachytes_aegrota
Atheta_fungi,Trachytes_aegrota
Atheta_sp.,Trachytes_aegrota
Atheta_sp._(juv),Trachytes_aegrota
Geostiba_circellaris,Trachytes_aegrota
Othius_sp._(juv)_{m},Trachytes_aegrota
Linyphiidae_(juv),Trachytes_aegrota
Tapinocyba_insecta,Trachytes_aegrota
Lysigamasus_vagabundus,Trachytes_aegrota
Veigaia_nemorensis,Trachytes_aegrota
Pergamasus_norvegicus,Trachytes_aegrota
Vulgarogamasus_kraepelini,Trachytes_aegrota
Platybunus_sp.,Trachytes_aegrota
Leptacinus_sp._(juv),Trachytes_aegrota
Pergamasus_sp._(juv)_{m},Trachytes_aegrota
Campodea_sp._{l},Trachytes_aegrota
Linyphiidae_cf_Erigoniinae_(juv)_{m},Trachytes_aegrota
Atheta_sp._(juv),Trachytes_aegrota_(juv)_{xs}
Lysigamasus_cf_conus,Trachytes_aegrota_(juv)_{xs}
Lysigamasus_vagabundus,Trachytes_aegrota_(juv)_{xs}
Veigaia_nemorensis,Trachytes_aegrota_(juv)_{xs}
Veigaia_nemorensis_(juv),Trachytes_aegrota_(juv)_{xs}
Zercon_cf_gurensis,Trachytes_aegrota_(juv)_{xs}
Zercon_sp._(juv),Trachytes_aegrota_(juv)_{xs}
Lysigamasus_sp.,Trachytes_aegrota_(juv)_{xs}
Pergamasus_norvegicus,Trachytes_aegrota_(juv)_{xs}
Vulgarogamasus_kraepelini,Trachytes_aegrota_(juv)_{xs}
Platybunus_sp.,Trachytes_aegrota_(juv)_{xs}
Pergamasinae_(juv)_{s},Trachytes_aegrota_(juv)_{xs}
Pergamasus_sp._(juv)_{m},Trachytes_aegrota_(juv)_{xs}
Linyphiidae_cf_Erigoniinae_(juv)_{m},Trachytes_aegrota_(juv)_{xs}
Acrotona_sylvicola,Uropoda_minima
Atheta_fungi,Uropoda_minima
Atheta_sp.,Uropoda_minima
Atheta_sp._(juv),Uropoda_minima
Geostiba_circellaris,Uropoda_minima
Lysigamasus_cf_conus,Uropoda_minima
Lysigamasus_vagabundus,Uropoda_minima
Veigaia_nemorensis,Uropoda_minima
Veigaia_nemorensis_(juv),Uropoda_minima
Lysigamasus_sp.,Uropoda_minima
Pergamasus_norvegicus,Uropoda_minima
Vulgarogamasus_kraepelini,Uropoda_minima
Platybunus_sp.,Uropoda_minima
Leptacinus_sp._(juv),Uropoda_minima
Pergamasinae_(juv)_{s},Uropoda_minima
Pergamasus_sp._(juv)_{m},Uropoda_minima
Acrotona_sylvicola,Uropoda_minima_(juv)
Atheta_fungi,Uropoda_minima_(juv)
Atheta_sp.,Uropoda_minima_(juv)
Atheta_sp._(juv),Uropoda_minima_(juv)
Lysigamasus_cf_conus,Uropoda_minima_(juv)
Lysigamasus_vagabundus,Uropoda_minima_(juv)
Veigaia_nemorensis,Uropoda_minima_(juv)
Veigaia_nemorensis_(juv),Uropoda_minima_(juv)
Zercon_cf_gurensis,Uropoda_minima_(juv)
Lysigamasus_sp.,Uropoda_minima_(juv)
Pergamasus_norvegicus,Uropoda_minima_(juv)
Vulgarogamasus_kraepelini,Uropoda_minima_(juv)
Platybunus_sp.,Uropoda_minima_(juv)
Leptacinus_sp._(juv),Uropoda_minima_(juv)
Pergamasinae_(juv)_{s},Uropoda_minima_(juv)
Pergamasus_sp._(juv)_{m},Uropoda_minima_(juv)
Notiophilus_rufipes_(juv),Veigaia_nemorensis
Acrotona_sylvicola,Veigaia_nemorensis
Atheta_fungi,Veigaia_nemorensis
Atheta_sp.,Veigaia_nemorensis
Atheta_sp._(juv),Veigaia_nemorensis
Geostiba_circellaris,Veigaia_nemorensis
Othius_sp._(juv)_{m},Veigaia_nemorensis
Linyphiidae_(juv),Veigaia_nemorensis
Tapinocyba_insecta,Veigaia_nemorensis
Lysigamasus_vagabundus,Veigaia_nemorensis
Veigaia_nemorensis,Veigaia_nemorensis
Pergamasus_norvegicus,Veigaia_nemorensis
Vulgarogamasus_kraepelini,Veigaia_nemorensis
Platybunus_sp.,Veigaia_nemorensis
Leptacinus_sp._(juv),Veigaia_nemorensis
Athous_subfuscus_(juv)_{l},Veigaia_nemorensis
Pergamasus_sp._(juv)_{m},Veigaia_nemorensis
Campodea_sp._{l},Veigaia_nemorensis
Linyphiidae_cf_Erigoniinae_(juv)_{m},Veigaia_nemorensis
Staphylinidae_spec,Veigaia_nemorensis
Theridiidae_sp._(juv),Veigaia_nemorensis
Araneidae_sp._(juv),Veigaia_nemorensis
Acrotona_sylvicola,Veigaia_nemorensis_(juv)
Atheta_fungi,Veigaia_nemorensis_(juv)
Atheta_sp.,Veigaia_nemorensis_(juv)
Atheta_sp._(juv),Veigaia_nemorensis_(juv)
Geostiba_circellaris,Veigaia_nemorensis_(juv)
Linyphiidae_(juv),Veigaia_nemorensis_(juv)
Tapinocyba_insecta,Veigaia_nemorensis_(juv)
Lysigamasus_cf_conus,Veigaia_nemorensis_(juv)
Lysigamasus_vagabundus,Veigaia_nemorensis_(juv)
Veigaia_nemorensis,Veigaia_nemorensis_(juv)
Veigaia_nemorensis_(juv),Veigaia_nemorensis_(juv)
Lysigamasus_sp.,Veigaia_nemorensis_(juv)
Pergamasus_norvegicus,Veigaia_nemorensis_(juv)
Vulgarogamasus_kraepelini,Veigaia_nemorensis_(juv)
Platybunus_sp.,Veigaia_nemorensis_(juv)
Leptacinus_sp._(juv),Veigaia_nemorensis_(juv)
Pergamasinae_(juv)_{s},Veigaia_nemorensis_(juv)
Pergamasus_sp._(juv)_{m},Veigaia_nemorensis_(juv)
Linyphiidae_cf_Erigoniinae_(juv)_{m},Veigaia_nemorensis_(juv)
Araneidae_sp._(juv),Veigaia_nemorensis_(juv)
Notiophilus_rufipes_(juv),Vulgarogamasus_kraepelini
Acrotona_sylvicola,Vulgarogamasus_kraepelini
Atheta_fungi,Vulgarogamasus_kraepelini
Atheta_sp.,Vulgarogamasus_kraepelini
Atheta_sp._(juv),Vulgarogamasus_kraepelini
Geostiba_circellaris,Vulgarogamasus_kraepelini
Othius_sp._(juv)_{m},Vulgarogamasus_kraepelini
Linyphiidae_(juv),Vulgarogamasus_kraepelini
Tapinocyba_insecta,Vulgarogamasus_kraepelini
Pergamasus_norvegicus,Vulgarogamasus_kraepelini
Vulgarogamasus_kraepelini,Vulgarogamasus_kraepelini
Platybunus_sp.,Vulgarogamasus_kraepelini
Cryptops_hortensis,Vulgarogamasus_kraepelini
Leptacinus_sp._(juv),Vulgarogamasus_kraepelini
Athous_subfuscus_(juv)_{l},Vulgarogamasus_kraepelini
Pergamasus_sp._(juv)_{m},Vulgarogamasus_kraepelini
Campodea_sp._{l},Vulgarogamasus_kraepelini
Linyphiidae_cf_Erigoniinae_(juv)_{m},Vulgarogamasus_kraepelini
Staphylinidae_spec,Vulgarogamasus_kraepelini
Theridiidae_sp._(juv),Vulgarogamasus_kraepelini
Acrotona_sylvicola,Zercon_cf_gurensis
Atheta_fungi,Zercon_cf_gurensis
Atheta_sp.,Zercon_cf_gurensis
Atheta_sp._(juv),Zercon_cf_gurensis
Geostiba_circellaris,Zercon_cf_gurensis
Linyphiidae_(juv),Zercon_cf_gurensis
Tapinocyba_insecta,Zercon_cf_gurensis
Lysigamasus_cf_conus,Zercon_cf_gurensis
Lysigamasus_vagabundus,Zercon_cf_gurensis
Veigaia_nemorensis,Zercon_cf_gurensis
Veigaia_nemorensis_(juv),Zercon_cf_gurensis
Zercon_cf_gurensis,Zercon_cf_gurensis
Lysigamasus_sp.,Zercon_cf_gurensis
Pergamasus_norvegicus,Zercon_cf_gurensis
Vulgarogamasus_kraepelini,Zercon_cf_gurensis
Platybunus_sp.,Zercon_cf_gurensis
Leptacinus_sp._(juv),Zercon_cf_gurensis
Pergamasinae_(juv)_{s},Zercon_cf_gurensis
Pergamasus_sp._(juv)_{m},Zercon_cf_gurensis
Linyphiidae_cf_Erigoniinae_(juv)_{m},Zercon_cf_gurensis
Atheta_fungi,Zercon_sp._(juv)
Atheta_sp._(juv),Zercon_sp._(juv)
Linyphiidae_(juv),Zercon_sp._(juv)
Lysigamasus_cf_conus,Zercon_sp._(juv)
Lysigamasus_vagabundus,Zercon_sp._(juv)
Veigaia_nemorensis,Zercon_sp._(juv)
Veigaia_nemorensis_(juv),Zercon_sp._(juv)
Zercon_cf_gurensis,Zercon_sp._(juv)
Zercon_sp._(juv),Zercon_sp._(juv)
Lysigamasus_sp.,Zercon_sp._(juv)
Pergamasus_norvegicus,Zercon_sp._(juv)
Vulgarogamasus_kraepelini,Zercon_sp._(juv)
Platybunus_sp.,Zercon_sp._(juv)
Leptacinus_sp._(juv),Zercon_sp._(juv)
Pergamasinae_(juv)_{s},Zercon_sp._(juv)
Pergamasus_sp._(juv)_{m},Zercon_sp._(juv)
Linyphiidae_cf_Erigoniinae_(juv)_{m},Zercon_sp._(juv)
